{ 
    "restartPoint": {},
    "restartBot": {},
    "userAgent": {},
    "keyCommand": "",
    "autoAdd": false,
    "autoJoin": false,
    "autoReject": false,
    "autoLeave": true,
    "autoRead": false,
    "server": {},
    "Videos":{},
    "changePicture": false,
    "changeGroupPicture": false,
    "autoJoinTicket": false,
    "SpamInvite":false,
    "Img": {},
    "Images": {},
    "Addimage": false,
    "ARAdmin": {},
    "ARGfoto": {},
    "ARSDadmin": false,
    "ARSDstaff": false,
    "ARSadmin": false,
    "ARSstaff": false,
    "ARStaff": {},
    "ARautojoin": true,
    "ARautoread": false,
    "ARautoscan": false,
    "ARblacklist": {},
    "ARdblacklist": false,
    "RAfoto": {},
    "ARgreet": {},
    "ARlimit": 1,
    "ARmessage": "Hallo...",
    "ARmessage1": "┌──────────────────┐\n│     🔳 OPEN ORDER 🔳 \n├──────────────────\n│🎧FITUR LINE & SMULE🎤\n├──────────────────\n┝[]►Coin Line\n┝[]►Coin Gift\n┝[]►Vip Smule Android\n┝[]►Beku Akun Smule\n┝[]►Follower Smule\n┝[]►Songbook Smule\n│☛🏧Via Bank & Pulsa📱\n│♛♛♛♛♛♛♛♛♛♛♛♛♛♛\n├──────────────────\n│⚙️PROTECT & SELFBOT 🔧\n├──────────────────\n┝[]►Selfbot Only\n┝[]►Selfbot Only + Ajs\n┝[]►Selfbot Template\n┝[]►Selfbot Template + Ajs\n┝[]►Bot Protect Rom Smule\n┝[]►Bot Protect Rom Event\n│☛If Order Creator\n│http://line.me/ti/p/~samudrabots.py\n│♛♛♛♛♛♛♛♛♛♛♛♛♛♛\n├──────────────────\n│Suport: Samudra\n└──────────────────",
    "ARprotcancel": {},
    "ARprotinvite": {},
    "ARprotkick": {},
    "ARprotqr": {},
    "GAbot": {},
    "GALbot": false,
    "ARreadMember": {},
    "ARreadPoint": {},
    "ARwblacklist": false
}
